,ep_0,ep_1,ep_2,ep_3,ep_4,ep_5,ep_6,ep_7,ep_8,ep_9,ep_10,ep_11,ep_12,ep_13,ep_14,ep_15,ep_16,ep_17,ep_18,ep_19,ep_20,ep_21,ep_22,ep_23,ep_24,ep_25,ep_26,ep_27,ep_28,ep_29,ep_30,ep_31,ep_32,ep_33,ep_34,ep_35,ep_36,ep_37,ep_38,ep_39,ep_40,ep_41,ep_42,ep_43,ep_44,ep_45,ep_46,ep_47,ep_48,ep_49,ep_50,ep_51,ep_52,ep_53,ep_54,ep_55,ep_56,ep_57,ep_58,ep_59,ep_60,ep_61,ep_62,ep_63,ep_64,ep_65,ep_66,ep_67,ep_68,ep_69,ep_70,ep_71,ep_72,ep_73,ep_74,ep_75,ep_76,ep_77,ep_78,ep_79,ep_80,ep_81,ep_82,ep_83,ep_84,ep_85,ep_86,ep_87,ep_88,ep_89,ep_90,ep_91,ep_92,ep_93,ep_94,ep_95,ep_96,ep_97,ep_98,ep_99,ep_100,ep_101,ep_102,ep_103,ep_104,ep_105,ep_106,ep_107,ep_108,ep_109,ep_110,ep_111,ep_112,ep_113,ep_114,ep_115,ep_116,ep_117,ep_118,ep_119,ep_120,ep_121,ep_122,ep_123,ep_124,ep_125,ep_126,ep_127,ep_128,ep_129,ep_130,ep_131,ep_132,ep_133,ep_134,ep_135,ep_136,ep_137,ep_138,ep_139,ep_140,ep_141,ep_142,ep_143,ep_144,ep_145,ep_146,ep_147,ep_148,ep_149,ep_150,ep_151,ep_152,ep_153,ep_154,ep_155,ep_156,ep_157,ep_158,ep_159,ep_160,ep_161,ep_162,ep_163,ep_164,ep_165,ep_166,ep_167,ep_168,ep_169,ep_170,ep_171,ep_172,ep_173,ep_174,ep_175,ep_176,ep_177,ep_178,ep_179,ep_180,ep_181,ep_182,ep_183,ep_184,ep_185,ep_186,ep_187,ep_188,ep_189,ep_190,ep_191,ep_192,ep_193,ep_194,ep_195,ep_196,ep_197,ep_198,ep_199,ep_200,ep_201,ep_202,ep_203,ep_204,ep_205,ep_206,ep_207,ep_208,ep_209,ep_210,ep_211,ep_212,ep_213,ep_214,ep_215,ep_216,ep_217,ep_218,ep_219,ep_220,ep_221,ep_222,ep_223,ep_224,ep_225,ep_226,ep_227,ep_228,ep_229,ep_230,ep_231,ep_232,ep_233,ep_234,ep_235,ep_236,ep_237,ep_238,ep_239,ep_240,ep_241,ep_242,ep_243,ep_244,ep_245,ep_246,ep_247,ep_248,ep_249,ep_250,ep_251,ep_252,ep_253,ep_254,ep_255
layer_0,712,554,309,430,215,745,475,848,248,182,435,18,290,598,171,220,295,617,179,380,181,362,192,606,845,434,162,136,185,270,1013,939,259,814,826,1193,479,805,372,377,355,276,2336,951,608,449,229,445,362,245,394,1048,932,627,531,817,830,658,837,624,243,578,1208,520,375,1041,262,363,1033,694,830,230,668,390,728,532,1386,280,1151,285,1266,444,535,430,371,791,1090,1228,871,270,957,690,1094,228,186,420,211,363,886,1526,594,1439,980,1401,501,859,805,592,661,973,288,728,333,172,721,224,67,1127,1037,672,1167,218,1733,923,441,478,343,705,829,142,861,761,1006,1085,469,87,506,250,153,773,739,184,469,464,362,153,634,1180,781,575,1088,409,861,812,734,692,423,816,988,479,528,531,599,51,1161,482,210,754,136,2184,389,1265,368,430,121,383,722,210,990,530,294,411,760,428,589,190,734,183,520,335,215,1386,782,1057,768,803,953,508,1161,470,173,3510,733,668,524,248,349,446,1195,425,814,948,1135,357,849,853,582,1253,728,473,336,620,911,462,570,276,308,724,163,199,1524,581,355,940,790,462,666,156,955,817,457,956,99,343,935,1170,1022,289,825,919,689,1029,170,1335,464,239
layer_1,1258,485,790,557,267,667,713,382,1619,213,592,799,594,448,772,934,513,1129,565,429,430,959,437,552,1384,745,698,228,773,769,630,418,86,114,720,266,1461,726,621,866,321,247,344,549,1006,754,520,511,799,629,817,377,589,911,1835,738,819,835,494,616,457,313,152,906,454,236,439,282,1214,838,878,361,567,485,1052,585,1930,942,911,587,1267,437,845,815,380,731,131,1034,1273,253,690,1854,850,900,323,1303,110,712,768,936,1004,808,311,640,290,238,767,391,943,692,1003,596,1275,390,428,99,527,452,664,677,464,1157,1210,434,760,593,965,952,634,437,413,98,145,1703,851,263,282,437,1104,453,89,732,462,582,909,529,592,790,90,358,885,787,400,579,720,686,488,679,203,573,97,1055,239,321,436,345,286,172,781,380,133,732,640,504,16,479,401,1679,554,776,341,802,166,271,718,144,334,662,887,602,904,616,367,810,633,528,401,694,905,735,590,299,89,555,663,266,565,3172,339,420,177,647,573,408,743,358,383,424,367,487,662,1262,234,1024,729,521,1072,519,619,262,811,1005,106,1469,103,563,1466,498,490,315,476,362,666,1585,366,135,775,490,668,455,564,839,803,16,275,656
layer_2,734,321,400,1060,288,341,292,491,571,605,1231,236,633,475,795,412,337,1309,333,603,1119,844,1768,523,667,899,1374,107,566,1840,434,862,672,615,310,1167,272,384,752,593,877,968,2071,592,457,537,891,414,1594,276,752,516,610,760,259,1258,607,1504,433,421,246,488,901,741,123,694,43,138,1479,524,413,355,895,584,300,588,298,350,652,788,829,411,320,281,174,500,564,182,301,588,528,1133,276,625,402,233,1250,373,453,347,416,232,426,29,317,47,591,13,588,460,835,177,197,222,290,804,757,322,706,180,713,1590,646,1117,250,351,45,544,287,469,681,968,621,195,856,1401,2125,497,726,718,721,639,168,1402,721,363,1099,977,501,544,947,217,644,1078,605,486,337,421,399,732,1316,291,522,679,279,590,258,723,592,501,538,1083,637,178,770,494,203,309,848,755,228,573,436,726,3621,613,552,1749,313,156,1528,748,446,341,811,653,941,300,624,816,2413,397,62,771,617,826,218,1151,350,191,520,791,1455,235,808,159,295,448,825,289,314,1846,711,1109,2708,651,765,514,544,463,2,1044,375,913,449,347,636,180,246,650,642,1046,114,734,380,46,376,407,352,745,859,154,435,823,289,893
layer_3,433,526,807,1036,129,329,562,607,558,1009,562,603,227,311,213,78,153,324,827,433,434,324,244,239,830,669,466,148,545,281,351,270,668,397,267,3840,1106,744,624,1336,136,498,431,381,457,4695,260,381,381,537,1176,331,931,369,647,260,415,415,2695,425,180,427,111,2070,1123,50,891,504,1063,292,1015,70,477,306,413,1640,194,401,419,549,1202,1001,1451,576,688,349,379,612,317,376,422,1248,1462,244,393,582,751,365,5456,653,694,492,447,423,378,504,1259,917,1363,386,213,596,661,1689,550,910,1623,187,1054,724,441,309,747,1205,553,357,115,467,344,370,1165,167,1192,701,1301,323,775,884,1387,579,225,250,848,731,1021,752,582,507,194,352,278,3356,287,514,595,299,304,585,159,401,680,537,533,334,773,658,169,1113,436,645,109,447,486,420,711,308,455,489,266,676,408,437,289,402,445,310,30,570,242,1192,501,445,431,955,985,804,524,269,659,679,312,391,417,537,1818,954,447,1174,1788,84,639,328,405,368,487,159,197,484,281,598,115,1948,456,458,1248,351,160,238,1046,317,337,1854,443,283,503,419,177,320,275,517,196,400,137,220,1699,357,288,428,459,446,161,523,607,561,268,486
layer_4,258,737,440,310,495,329,9,428,4491,488,1077,406,328,345,172,986,356,86,479,582,526,181,436,535,286,478,1130,264,338,700,10424,234,659,794,435,1498,202,547,341,735,180,1831,382,595,316,149,472,283,1155,999,207,389,311,269,471,294,78,631,223,301,947,780,657,1482,570,500,368,602,214,380,311,618,424,772,375,401,246,412,595,159,61,511,164,467,205,738,220,353,226,259,136,305,348,251,519,727,195,213,116,267,152,91,77,163,117,144,55,210,215,390,249,54,183,351,305,176,247,347,157,927,246,494,182,143,388,167,202,424,149,495,605,263,296,3493,255,225,500,479,48,2249,638,4241,635,122,462,631,173,147,742,548,385,279,236,708,496,2038,238,354,257,489,288,770,383,381,1849,231,583,178,214,2292,166,106,118,188,365,306,418,165,267,195,865,247,657,158,615,262,130,724,389,441,287,59,471,123,4457,533,7873,6390,1711,474,430,310,326,143,834,436,1220,6761,142,564,3361,324,363,300,1606,499,815,825,1292,277,644,412,226,1230,6,206,329,206,267,299,556,604,172,310,140,118,126,445,259,404,670,274,2214,239,375,363,139,875,311,222,194,454,376,724,136,547
layer_5,891,281,82,11279,4294,296,841,350,1583,416,954,904,1305,75,583,62,655,7027,8567,607,286,113,330,434,637,2965,754,703,856,441,616,1096,197,321,353,127,389,287,1405,751,140,452,681,453,532,0,111,344,142,240,187,420,144,711,311,598,674,428,610,298,309,521,1159,432,198,467,184,490,210,247,143,968,476,200,303,1021,1429,201,84,301,506,351,505,117,224,764,230,144,213,371,383,538,954,656,929,1291,4,40,204,1264,192,1362,226,235,151,142,155,112,936,155,213,256,89,1055,350,295,122,120,174,842,286,227,564,620,504,447,487,293,883,293,847,303,325,4531,314,413,177,268,337,361,398,42,899,432,225,89,423,42,53,253,145,242,958,3119,793,312,1042,54,40,666,439,51,189,490,592,286,513,672,318,172,119,21,324,106,235,246,379,138,79,366,8,300,154,281,708,319,164,565,133,164,591,209,337,264,75,233,67,68,513,731,369,506,54,447,340,379,171,194,257,123,434,248,240,236,119,156,690,113,1750,237,303,439,1338,111,284,218,118,3765,334,288,572,418,261,305,339,278,272,330,4355,220,3752,672,756,231,1200,1403,2344,1514,196,47,349,452,436,345,902,3798
layer_6,102,112,733,705,466,714,508,95,596,356,184,49,380,613,266,856,58,65,313,837,72,337,65,126,485,152,620,170,327,429,181,891,737,357,670,98,286,153,458,47,470,353,279,121,178,818,524,431,40,1198,301,905,363,846,62,412,417,51,552,340,148,344,353,1011,16,775,654,419,150,202,265,168,258,272,1385,304,242,166,239,440,8,72,239,239,333,423,504,130,575,88,474,249,242,306,926,285,158,360,420,421,34,207,702,801,168,732,278,1722,362,249,665,61,317,135,1561,723,592,139,874,735,970,180,39,146,406,450,487,278,458,312,1502,256,695,5,373,312,806,3476,1894,103,2622,988,529,82,203,1092,313,293,306,1064,269,524,618,565,133,1001,892,319,185,185,185,128,225,401,365,163,125,360,226,415,16634,171,40,634,264,455,111,706,163,99,511,420,140,276,1025,176,442,597,125,180,897,4572,786,302,240,745,924,190,359,6392,1543,518,1760,367,16203,504,425,174,668,864,238,573,773,291,949,93,128,649,776,464,221,179,1574,142,302,94,311,1377,218,120,3122,180,497,433,1013,374,123,890,477,79,145,345,955,239,870,295,59,212,207,251,320,729,1035,324,619,695
layer_7,2156,356,175,1291,498,512,143,146,93,201,714,350,146,140,819,180,392,365,302,155,249,438,529,1459,430,1246,249,261,613,478,50,72,211,251,349,1274,672,427,297,451,516,987,730,300,172,878,2034,492,435,915,530,534,1492,248,1856,184,190,414,164,665,92,114,869,658,1177,650,1621,987,998,284,397,52,2555,294,1068,114,1334,1401,560,374,839,883,51,1852,289,312,171,222,258,405,523,209,1202,634,528,556,199,202,1521,402,59,129,512,245,362,346,85,632,934,102,824,1056,257,171,172,216,39,173,395,173,718,2801,100,2625,72,652,633,507,125,257,601,530,273,895,567,138,867,304,62,657,59,509,302,1100,124,359,515,613,115,4863,87,317,451,405,764,256,217,289,315,427,930,770,1700,800,290,455,1029,566,213,127,203,282,4354,387,1055,708,824,2607,177,495,77,220,436,636,1198,292,1023,784,313,513,81,530,545,226,87,376,520,223,489,449,470,561,871,333,98,351,825,486,96,251,672,546,766,305,2516,597,324,126,134,677,187,276,248,416,3215,294,3096,6885,315,232,561,365,177,579,534,191,589,260,1677,235,401,232,641,451,1206,136,289,1568,765,708,451,577,1929,204,1350,815
layer_8,135,295,537,353,384,440,396,927,932,242,121,1445,133,720,127,199,55,215,108,368,1050,3760,833,213,364,604,352,324,1214,396,249,153,1469,755,238,299,290,541,322,488,298,568,245,286,449,152,6286,309,145,114,470,1182,829,485,93,115,380,362,1179,215,131,158,587,325,470,144,654,670,157,393,371,144,267,410,587,572,354,10502,10899,411,6683,223,582,196,288,716,415,737,2228,723,155,904,517,403,47,1561,235,252,167,245,251,657,554,695,289,2125,246,145,286,786,1114,334,2,426,876,413,142,115,98,937,674,289,500,112,193,532,910,186,485,465,1675,171,396,440,455,81,161,166,3,158,218,432,235,240,310,462,225,251,205,320,52,434,256,152,49,443,219,1466,297,429,102,865,447,331,1669,125,10,256,209,283,80,260,226,2707,70,152,482,167,545,688,324,158,698,1063,768,258,768,255,276,248,1009,34,623,45,684,389,2524,344,6123,783,203,1103,1022,658,416,321,967,427,657,83,1188,311,928,785,701,244,78,1394,532,1421,191,291,976,468,238,351,222,333,397,208,808,293,379,875,66,317,321,1227,19,741,693,164,8,370,1694,40,291,149,542,38,195,83,200,598,436,498
layer_9,503,311,446,304,135,339,72,973,15,111,710,702,1071,265,238,128,48,140,589,148,122,657,386,76,248,259,616,109,158,267,3743,220,1162,807,299,135,299,100,695,286,149,46,347,268,309,58,908,546,647,460,1012,83,408,6662,285,546,386,1450,487,1234,1759,146,907,1749,354,4,669,234,492,134,268,395,189,143,241,185,72,366,130,363,241,173,243,242,397,147,78,29,46,2807,52,181,270,71,650,410,1566,18,259,206,207,679,432,164,287,116,141,520,268,58,214,223,1011,305,972,232,134,163,121,258,640,163,821,236,7,81,114,470,361,206,89,223,345,3135,179,5119,141,472,798,119,233,560,92,256,459,225,170,2983,1160,301,721,464,99,104,309,84,148,1016,102,126,288,126,790,222,183,373,210,396,781,75,166,384,766,305,508,274,1003,235,1387,284,303,582,554,318,198,155,163,294,70,74,241,261,354,1486,332,19307,289,566,277,296,112,10508,590,565,196,389,235,803,327,1032,626,131,366,553,57,2899,1344,508,571,397,148,4513,1292,153,172,75,43,537,1271,121,3269,1078,572,410,198,239,255,538,38,387,227,392,1393,56,40,245,259,146,121,879,134,43,683,3283,704,232
layer_10,21,182,8,168,771,366,1165,626,131,160,182,2538,162,406,264,41,124,8447,432,260,163,1488,3,72,149,3,72,35,110,4,638,1736,69,66,214,3,513,205,207,309,328,453,304,27,943,4497,921,118,213,514,213,65,146,132,317,248,173,60,153,151,130,681,370,170,245,31,182,107,14,81,194,492,144,66,940,464,83,18,319,84,104,4,114,732,0,114,358,22,131,48,313,307,158,88,62,7,295,39,3715,38,19,231,898,40,222,142,26,184,281,3494,498,313,292,1686,1037,210,405,187,146,230,218,298,6616,136,286,368,886,258,513,49,563,191,102,459,1022,4571,423,397,183,124,270,14200,375,835,217,262,809,1588,1211,1229,324,7554,98,119,579,1173,6,328,71,132,1308,389,154,1229,729,201,215,317,18,505,213,208,1,175,1,757,91,230,1018,184,345,159,98,172,235,74,78,229,642,373,86,232,285,104,345,82,282,223,366,341,35,405,288,112,335,290,844,346,54,70,366,258,130,95,1030,31,87,790,164,132,132,62,93,13,0,302,1327,682,634,15000,177,232,208,64,204,261,3205,120,231,620,5561,82,1158,378,252,100,55,4439,102,327,537,777,676,194,1749,89
layer_11,792,340,3223,77,118,311,874,536,618,576,1,2502,1181,27,114,392,363,292,356,484,78,352,155,367,109,628,98,211,125,177,11,556,1079,439,374,335,795,660,28,783,3198,3572,471,44,578,190,15262,15,458,330,218,447,589,311,843,705,2447,6,477,15912,169,453,208,1713,87,196,308,89,0,194,414,66,1885,302,47,548,2,185,135,65,3123,1304,403,187,1148,50,452,831,21,66,6,207,492,476,449,23,410,73,7062,1512,145,392,314,348,232,393,190,3206,206,310,157,165,218,12,290,1406,1883,224,1252,103,634,2222,0,260,1435,559,69,114,81,180,2221,126,112,107,549,127,375,871,1127,113,136,99,82,588,330,222,302,64,626,241,69,771,324,589,277,8,62,13,132,52,0,332,151,217,206,415,2,486,417,255,157,505,476,1222,109,153,483,262,5712,607,284,264,159,237,245,769,48,155,949,121,501,197,0,247,302,29,946,121,496,151,325,271,1588,33,339,774,445,0,533,3360,314,40,2,0,604,37,484,197,99,437,276,341,157,16,1233,255,32,217,255,112,213,538,467,684,1473,408,649,83,37,248,402,470,273,272,189,1482,106,228,1133,91,45,49,282,1235,167,62
layer_12,15,10,6592,46,165,155,534,99,405,885,271,49,136,94,456,371,450,369,51,43,305,196,0,1059,75,245,96,802,4055,39,245,15,17,431,80,138,161,132,8,132,335,415,1211,1372,187,45,42,158,328,187,10,758,1721,39,192,36,144,2,22,397,11,251,162,139,888,271,381,206,1794,6102,5152,360,168,383,493,1987,1162,222,443,13661,2016,1659,252,52,162,3085,959,377,1148,92,33,5,2232,318,531,488,1032,135,219,226,87,541,1393,486,100,184,627,64,31,91,113,2548,503,201,348,508,382,161,45,3223,156,3,378,39,494,97,329,641,271,426,569,19,291,0,263,825,1476,138,292,4479,475,463,367,186,122,13,162,352,1662,146,324,199,2026,161,86,406,338,1052,1416,12829,22,352,42,204,1,177,69,267,375,457,137,183,272,374,0,111,71,78,88,15,384,49,205,176,219,92,223,96,106,32,145,50,134,126,48,134,212,3,353,0,760,156,660,7,241,202,558,413,73,87,132,40,232,40,62,132,278,39,111,51,594,17,33,147,397,713,147,37,499,201,588,232,83,55,456,1699,324,645,421,17933,771,134,609,176,513,117,241,274,5,195,237,246,254,21,305,569
layer_13,633,571,0,44,287,187,219,158,343,248,0,261,130,160,1,133,97,253,159,4898,84,1515,85,61,299,371,852,133,82,57,406,1,457,99,220,51,88,104,173,45,848,35,72,30,11,112,219,815,226,30,32,102,21,32,1,1,50,28,55,0,48,46,139,218,53,122,122,3082,72,143,498,657,448,8,9,12,3,2,3691,12186,133,790,618,534,186,1790,2488,5410,610,2,523,273,73,45,124,303,0,69,36,488,922,2095,257,14287,325,1025,537,255,366,70,345,1695,282,609,169,246,432,134,148,7,0,47,354,468,6,197,316,17778,10,16579,43,2115,150,618,287,550,246,2091,733,3047,238,1901,117,265,103,182,375,190,214,107,203,23,574,234,408,55,505,219,338,219,49,105,99,216,89,72,19,126,231,48,12,0,30,286,104,660,9,269,129,376,0,104,61,87,127,104,41,0,66,9,10,8,132,138,154,421,0,410,323,4,116,42,29,99,20,363,353,2,149,29,179,670,183,742,508,173,269,1130,69,264,1,448,222,40,850,87,137,173,120,970,223,880,407,73,119,308,1251,159,166,149,119,915,104,89,50,4156,606,138,399,4,167,91,7983,194,208,563
layer_14,234,333,46,7937,140,134,28,362,349,191,296,44,1648,5,217,893,77,399,1450,856,77,578,396,11,900,61,98,1966,185,286,715,286,2921,32,183,4,949,219,739,250,305,935,183,447,1080,381,45,467,56,17084,1678,393,56,142,376,364,244,535,440,3583,110,522,542,3960,21,11,322,197,215,6531,757,412,675,202,85,695,142,727,193,163,561,1093,0,7624,13,118,262,2,136,569,527,3020,134,388,510,351,526,8609,81,479,574,1,49,179,16,174,11,23,526,25,776,191,410,92,293,297,136,666,428,176,558,167,222,4,404,275,614,1220,5,151,138,1050,76,208,147,711,86,343,81,39,483,829,1932,20,175,293,526,500,497,572,4,829,479,289,72,251,48,158,83,1110,583,15,24,284,109,605,422,154,46,232,147,597,70,395,240,66,1324,648,369,297,104,602,2022,204,134,305,3031,125,630,114,265,428,345,245,2644,260,221,150,183,1652,128,151,296,147,1626,428,1351,158,1165,87,459,322,137,537,681,169,115,2582,588,130,341,464,421,1444,823,451,776,56,375,472,195,0,213,219,95,669,39,101,534,712,109,60,325,523,484,77,1734,3,503,106,287,124,162,7,59,159
layer_15,467,114,0,207,206,56,1,687,123,193,21,3927,232,0,126,6,1,220,23,3783,45,82,141,7949,433,0,612,91,18,70,14,199,2466,165,28,337,1069,143,140,359,1,216,0,149,288,150,41,1021,53,44,142,26,291,169,11,683,120,3,239,64,22,334,141,36,178,1423,233,788,883,33,1560,83,7,829,326,1,16,247,434,852,536,186,388,739,34,113,2520,13597,169,10118,73,641,878,53,122,1398,303,137,593,21,120,240,27,198,1677,10,331,514,77,449,5,44,619,163,444,22,0,36,409,5,55,0,1240,167,641,12,1,234,1538,166,197,209,893,49,362,68,55,5815,6344,5356,94,13643,244,2006,2,314,171,161,153,176,151,29,1271,1,503,58,322,736,806,561,64,249,186,62,4003,3433,1257,345,8,273,4,142,687,608,56,283,269,55,3002,1,86,61,3575,146,231,80,46,93,101,192,47,84,339,1,140,347,3,6,682,53,286,109,175,4706,642,35,153,226,196,57,324,8,98,643,155,212,35,203,47,32,471,628,693,1111,56,967,258,242,223,2706,4,31,180,675,369,49,2,158,212,257,484,145,235,174,133,163,218,238,313,131,118,877,184,75,2,8
layer_16,1264,148,1755,565,616,3807,16044,160,3610,316,380,97,61,347,829,2,1262,4,967,756,827,804,1005,150,2311,1,126,333,7,0,384,95,76,222,91,28,14,381,552,98,36,7,234,5,42,1398,278,648,653,895,34,89,0,104,293,61,2400,1105,267,2,190,26,184,3,71,99,66,47,3,66,174,61,130,44,221,240,15,60,0,92,87,7,298,424,221,87,825,75,26,265,636,247,403,9,0,634,34,199,46,1180,290,508,815,0,1,3,328,171,3,105,1212,501,202,239,226,864,48,208,33,6367,48,774,137,34,0,61,428,12185,103,38,50,1,34,56,483,659,0,193,147,1,157,1231,182,148,127,20,910,106,127,17,246,298,86,221,169,85,37,12,326,1090,944,379,434,53,46,124,0,969,6,57,67,198,3898,468,2,76,6,127,4,103,42,101,45,1,374,169,311,249,417,7,204,643,2945,37,41,541,98,795,115,712,71,3,132,43,710,12467,3244,537,140,579,259,596,519,243,136,157,71,356,430,148,5720,110,2,424,136,1923,264,72,13,209,110,8932,86,199,158,69,402,11,390,596,1685,276,374,5,78,423,49,353,368,436,172,131,29,11016,394,180
layer_17,731,30,145,39,110,1000,5689,168,259,45,201,0,1,544,216,223,442,6,32,147,375,152,359,4,48,19,219,464,137,27,402,7,6,572,114,30,121,162,3,4,160,392,791,16,385,108,524,1,12,405,13,693,475,37,5,3,74,30,46,95,214,2516,31,290,764,6,247,249,5223,47,975,113,583,195,173,1,39,0,1,4,1279,127,446,728,243,59,72,815,155,1540,367,4048,455,1081,47,1194,394,138,378,80,494,309,323,247,318,4,13159,37,580,53,817,116,2277,10818,9,600,497,343,101,171,398,306,165,1677,110,448,41,513,1,46,361,824,361,264,81,671,23,47,254,134,205,81,98,832,328,474,1391,519,3767,138,861,234,139,909,239,365,297,385,181,66,450,31,217,183,249,126,233,341,507,291,0,16853,513,1229,8598,107,479,148,1,1660,1259,591,145,185,375,999,365,422,503,946,267,309,2467,9,660,226,1513,94,742,201,41,38,297,217,445,28,883,33,1704,381,1207,1020,41,164,838,3281,433,166,57,264,3748,2,350,489,442,12,134,105,48,314,50,427,204,0,88,75,324,63,349,265,2000,364,688,3,333,205,2,99,515,565,0,1083,137,187,89,3
layer_18,23,227,199,45,0,197,650,168,7,767,35,858,8,63,301,141,115,91,2,75,79,242,104,163,44,361,2,120,633,0,222,0,1283,46,164,1475,357,355,168,23,3879,171,114,762,315,105,2921,3039,100,141,491,420,63,1574,0,128,1160,230,319,361,102,22,27,23,112,7,44,440,31,194,35,34,97,0,272,261,361,411,544,806,183,793,791,1,235,144,2,193,128,602,908,723,1775,467,298,209,416,68,964,925,108,925,1,219,59,0,127,21,1,145,266,1,328,95,200,112,195,120,92,42,0,2417,73,6,3,190,98,387,930,802,103,2792,165,536,717,2,0,30,588,43,344,215,1597,485,2978,2061,381,0,76,2,225,573,628,14973,2,844,153,383,292,3327,77,90,48,387,57,43,1100,899,458,2689,1,642,4389,162,219,256,29,2354,17,1090,94,26,1096,2,773,83,937,2669,224,11668,67,164,199,1994,774,47,82,64,598,271,67,58,220,18984,456,347,321,968,3,65,1651,196,83,0,78,241,7402,4,1015,1,174,59,0,83,31,2001,1224,1,1,17,468,9,2,778,5,9,491,19,140,1,17,192,25,45,129,3,960,48,558,53,2,167,247,547,719,1680
layer_19,170,5,1401,219,173,1,804,143,1,26,212,18,557,700,1,855,81,77,139,2,393,981,44,9,231,209,87,725,14,307,727,526,380,468,472,590,1156,147,873,12,149,1001,2109,437,100,1415,442,2,605,1912,4127,233,321,10,9,199,0,178,37,494,276,20,720,1596,127,296,50,38,340,164,177,26,128,42,737,0,665,337,268,32,32,1389,251,440,3,587,6142,1141,118,97,45,1,5,2538,5,1,65,809,137,616,72,0,205,12,1168,24,790,0,2302,401,0,1124,0,3879,2136,407,457,495,222,103,43,2,83,1882,351,502,221,37,1,2025,39,51,50,22,316,229,376,3579,949,856,6613,30,259,0,9,325,10,940,122,741,2127,40,744,223,1033,46,336,0,673,93,129,13,5,1913,154,766,101,722,590,0,444,236,611,0,770,732,2063,175,146,141,3027,111,367,1,25,9,6,13670,0,129,84,385,100,45,126,126,161,125,815,630,6,103,526,563,571,497,307,695,104,16,20,399,162,143,697,130,173,2208,156,143,32,1444,129,494,1001,2526,6890,160,1896,1214,123,413,346,130,1760,287,19,322,619,278,110,1108,1243,252,1,141,220,841,384,1595,71,9713,831,83,153,83
layer_20,2,3,2,11,199,735,634,196,136,477,62,90,48,161,109,26,1069,16,0,15,3202,171,103,124,315,482,38,203,176,7997,19,452,110,1304,715,274,769,2331,3889,298,35,257,142,23,187,19,630,4332,649,295,55,20,1175,63,174,72,97,11,375,82,1,137,748,435,137,364,383,3629,4233,603,2093,0,769,2503,132,463,182,4514,82,5657,12126,651,32,3,84,117,81,31,14,1481,1843,188,390,187,24,194,229,14,308,125,58,121,3,235,548,321,49,61,401,538,89,4006,1081,446,837,502,171,48,83,31,43,2989,928,0,3,4,66,0,167,240,31,3,300,8,1,120,58,542,466,50,191,404,12,2,583,0,12,158,7,319,205,117,38,11,273,3,38,3,750,8,212,983,5,1383,1525,46,128,14,9,11,36,41,46,116,97,165,186,45,114,170,803,3,14,773,2692,325,1,79,682,45,428,0,200,0,799,3999,1031,41,131,4,580,18,108,5,118,18,42,2,82,36,0,4,63,347,72,91,8,37,647,549,1023,237,145,356,1128,4970,90,280,1388,12,496,203,1192,686,140,915,517,107,2838,242,1267,679,187,79,13978,2508,2053,632,2014,193,132,5,4,481,40,1085
layer_21,180,111,34,412,1675,6,2478,1061,838,6,222,1047,2038,81,1199,706,142,141,0,127,1162,146,404,2924,1198,666,394,317,303,447,56,500,1026,261,1531,664,3,322,28,1782,228,2259,612,1,255,645,490,901,384,574,1031,62,1562,1134,406,749,709,11572,554,262,1,538,267,5497,192,680,980,368,476,4917,225,755,64,166,81,656,39,319,410,1099,344,1137,238,33,5046,1039,9,434,127,177,294,618,128,3,57,477,464,134,4,121,42,111,115,288,394,87,1385,207,878,430,46,316,12,0,122,349,12,1372,600,34,146,186,20,34,166,155,11,477,776,810,395,128,115,415,211,8,385,298,1083,336,1,317,4,817,387,156,2882,775,974,281,674,305,1105,1476,856,2225,1434,114,105,305,320,362,100,418,2,501,475,89,74,403,1884,254,33,6605,782,5,147,249,222,1662,239,91,728,124,1405,32,526,3038,366,89,390,827,573,88,135,786,114,871,114,782,44,117,1139,99,257,1244,2448,800,381,79,1133,88,0,378,65,446,1435,510,701,219,225,902,6,460,287,2739,268,627,888,87,478,30,42,239,362,3318,70,1105,0,227,14,1047,2,705,36,358,254,518,409,3,478,199,198,46,111,120
layer_22,782,246,464,142,436,376,11,384,1,1529,1040,44,168,101,48,801,157,489,802,556,378,9,89,298,2457,589,368,27,39,622,402,25,579,529,239,885,142,18,1621,568,10,19806,1193,1030,160,120,1354,955,190,348,112,3195,5927,499,651,457,921,352,122,1287,402,1180,946,174,485,73,2038,164,96,204,1264,583,171,659,273,14,421,370,211,102,174,117,279,456,132,67,81,1206,36,339,232,67,28,1047,202,125,129,245,118,120,239,11123,998,382,2310,0,55,298,375,65,804,340,96,536,8,96,176,59,79,163,151,306,999,308,33,0,499,0,154,538,329,382,44,742,438,0,298,94,9,227,272,323,120,2,87,104,424,93,785,171,708,102,174,26,0,20,1276,18,0,927,939,45,86,763,251,45,214,3926,1058,608,362,1,778,753,288,849,643,153,517,240,4,558,124,30,148,2,624,1562,322,39,680,130,584,110,450,972,292,91,669,163,2,886,601,458,1161,18240,1226,301,190,300,699,323,1040,297,799,166,3,147,306,619,1048,28,450,201,11,149,887,73,849,142,359,465,54,342,1534,27,265,124,90,297,105,147,660,23,216,474,0,115,546,1138,442,71,124,656,365,257
layer_23,106,3,0,44,353,1082,164,7,45,81,308,665,3385,1092,84,42,335,496,1923,3,144,19,2342,966,33,4074,4,1134,90,227,91,30,242,1630,920,319,3,171,0,252,407,142,9,1106,970,69,117,359,126,4999,3,19,0,315,1504,436,300,47,728,276,685,44,180,74,2,112,720,697,164,156,448,21,615,4,20,68,333,1678,302,352,270,1055,147,75,14,139,2,119,370,325,50,20,1842,0,47,1417,335,49,14735,128,249,82,2,1101,272,436,661,43,3,462,0,2132,186,0,434,925,36,608,1600,28,476,74,282,45,16,102,5992,33,311,135,155,184,1418,129,354,11,822,652,3,46,0,5,237,516,36,1,612,0,0,143,21,9,357,4,12,682,6,68,427,1079,261,798,1441,261,96,742,93,228,328,114,1878,1010,413,546,1416,183,102,303,981,39,480,60,123,118,124,696,3,0,227,128,148,390,744,758,11660,136,3164,590,859,12,29,10705,480,542,234,133,1430,342,308,245,61,741,202,762,35,664,126,30,10062,208,543,31,349,1406,151,33,1125,1739,14,95,7,69,45,320,3,134,285,165,1178,115,306,485,263,17,124,114,3297,235,462,77,222,266,42,1661,327,69
layer_24,135,49,50,98,73,214,111,7,128,43,366,270,247,8,314,1,162,16,488,58,19,199,271,8,84,175,187,167,122,300,839,10,35,293,808,55,455,0,477,153,52,952,1,1454,33,791,2,21,130,418,89,75,0,3,593,136,757,73,3,364,373,155,581,43,750,340,1287,252,1408,348,2149,228,1147,4,781,583,254,141,287,1706,12714,144,1801,112,98,916,213,63,423,121,527,649,1125,15,696,142,6,893,84,555,464,873,91,53,80,256,155,44,140,6345,112,768,51,10,63,335,18,42,184,58,197,489,817,760,0,192,370,717,238,9998,213,1570,2572,2745,167,224,624,359,1214,278,508,2165,53,1306,336,16,125,154,726,141,2190,100,261,73,329,13,298,1210,1887,315,90,34,76,843,1852,247,26,154,13706,15,985,88,105,131,163,1011,168,199,34,412,143,590,775,113,1491,295,41,222,343,1479,1416,431,19,14,266,891,557,1712,545,581,761,3157,697,273,1358,827,1218,412,27,16,26,61,285,464,8774,1048,447,189,128,33,182,412,1702,212,185,263,824,246,48,53,270,12,264,39,83,1995,77,503,23,24,50,692,425,84,267,743,682,252,24,637,603,1,3744,157,227,19
layer_25,2,6454,332,360,5,165,111,49,117,2458,40,1518,1040,446,39,161,0,72,59,2090,1378,2530,1346,319,316,475,4,764,334,1037,730,311,489,1,680,870,228,22,1970,69,65,546,501,957,107,1,220,67,179,375,671,216,834,21,10404,25,29,509,1960,313,433,267,16,722,1,0,46,238,17,56,609,3,4567,820,129,608,220,3,95,67,722,1981,261,1348,71,407,1915,428,167,295,95,99,79,598,139,410,1080,88,29,103,113,54,369,1042,913,1290,693,822,719,301,369,102,225,202,399,137,107,795,2071,5979,482,7116,53,49,4244,10,1759,896,109,477,384,189,57,159,1198,800,385,4,111,164,200,160,394,52,255,82,1606,0,993,81,335,188,608,422,239,0,1537,692,687,102,690,14,222,126,784,97,451,1524,1249,266,100,22,152,36,80,969,51,6622,1008,134,88,359,11,219,965,129,126,30,324,0,743,138,240,1520,576,365,238,150,667,84,150,279,6,2380,457,31,71,782,256,216,1034,146,278,1002,89,127,981,806,228,87,54,535,107,0,90,1,551,952,9085,1474,64,82,649,0,24,6,275,230,497,474,210,170,39,1396,58,25,148,504,538,0,246,561,92,754,273,393
layer_26,174,690,363,882,8861,50,137,1062,3424,27,560,284,172,2865,201,21,1,101,273,74,93,52,57,445,820,884,819,87,168,59,269,663,16,507,2119,107,535,892,35,15,50,19373,62,2781,580,438,258,808,115,212,423,1527,81,375,812,354,462,220,110,5,147,505,508,192,437,278,30,72,87,33,129,1487,6,60,6,164,87,1528,67,760,72,1,410,182,273,24,364,934,14,414,285,21,1051,2067,1192,3601,201,412,378,888,204,401,375,1267,606,360,7870,170,153,58,119,165,2185,499,64,7308,640,29,1892,158,481,448,105,7,93,66,2153,773,50,196,141,298,60,168,178,273,14,0,332,761,34,287,422,60,166,310,151,477,971,191,9,324,46,256,101,163,717,343,1725,454,590,20,175,29,964,436,634,31,462,432,60,52,357,345,78,335,374,212,119,218,5,900,458,2261,448,488,573,4,2247,90,7032,1811,2,907,138,1442,144,859,16,243,67,95,235,338,2319,209,350,361,10,187,139,29,15,25,34,5,243,256,404,195,5,167,667,156,64,138,40,1136,106,197,618,168,128,1701,1005,1,1092,81,0,256,333,30,92,43,40,497,1,281,323,272,1543,49,1350,358,1391,696
layer_27,12,537,0,151,2,14,1,16,774,157,626,1254,71,761,327,9,0,238,405,2,47,592,17,32,71,244,2897,71,195,78,322,1999,164,292,88,383,103,311,35,27,241,133,708,76,4,828,48,216,1183,367,28,2,7,367,99,132,18,1501,3,48,368,250,12,91,791,18,0,391,89,663,492,0,103,130,1103,1314,482,593,660,105,2,5190,83,485,289,22,0,69,143,541,250,49,378,103,57,2849,719,603,576,138,133,1039,207,242,951,311,12457,38,1977,433,177,513,349,116,95,291,1024,224,174,355,179,103,7,19,544,0,163,0,625,26,4646,19352,5768,132,45,400,1,3,265,138,6,4,0,3698,2759,387,1194,891,8216,58,1,609,546,788,504,267,5712,493,439,0,34,124,0,108,30,648,3,3,307,241,12,150,10,1,2,742,2705,71,194,434,7,95,1,54,86,0,267,960,43,105,34,2471,61,32,0,564,118,190,99,417,332,500,15,94,230,513,281,99,20,69,675,163,379,31,55,161,82,1168,148,15,71,4,2,126,47,65,1310,168,108,225,571,150,299,3,60,302,714,775,25,330,47,470,274,350,11572,50,17,30,565,6047,668,5,143,421,39,1
layer_28,3304,1,12,483,313,302,84,36,8,40,26,708,65,163,7,102,0,67,262,210,39,87,25,851,16,81,221,82,52,1442,338,234,86,30,55,1144,148,170,400,306,0,59,97,575,20,36,28,66,14,78,298,324,251,449,220,527,485,395,112,174,742,657,527,467,439,237,60,2,2113,1550,308,0,1,11,361,2992,808,416,345,471,21,532,62,500,4,132,86,3013,1555,93,2745,324,2,642,495,102,530,0,1328,2839,485,60,42,62,903,1537,644,297,125,410,127,2,69,219,284,313,32,843,1,101,83,1234,119,856,1621,46,109,162,1044,0,68,522,1518,98,45,264,305,3,1546,48,94,76,523,34,75,74,46,270,1629,84,0,304,829,131,846,1661,254,206,112,20,117,7,91,692,424,1524,2,229,1077,1035,478,14520,200,712,366,521,363,123,411,122,54,17,133,0,35,60,1898,3453,15522,1379,375,2,1542,3,5,109,3422,7870,751,682,16472,25,223,3,84,14,622,28,311,5,159,700,67,246,335,22,698,1425,1745,716,666,146,210,438,131,102,227,161,18,0,197,1842,947,131,297,628,0,269,510,243,45,547,563,470,62,23,502,117,14,84,23,10,48,595,402,7
layer_29,159,372,953,100,136,2,97,168,871,110,1984,688,606,930,202,1531,125,13,63,341,46,21,71,101,150,226,18,5,679,0,372,853,718,297,0,72,9,517,1449,72,4221,0,554,14,194,3152,5,515,52,89,224,1435,74,10,728,157,21,1,57,39,40,982,249,505,1117,6,24,47,434,268,53,0,24,0,372,339,616,504,711,480,375,418,7037,641,1036,9207,67,51,169,161,6,143,153,446,2,2259,3,2725,53,40,422,62,1,5818,4,16,298,141,181,19,38,1936,99,91,1,224,80,94,1468,694,6,312,1,18,293,1351,146,199,74,321,69,74,184,1459,114,279,231,650,4,232,107,196,94,699,893,2951,121,567,287,1319,4094,202,613,365,159,1058,0,696,243,0,3403,878,159,3054,112,5472,25,77,1393,359,196,186,55,526,442,253,191,701,689,312,2906,97,66,9,399,677,855,786,101,1,1425,386,125,384,37,55,89,2666,15,1809,86,1097,381,493,102,11,38,203,557,408,741,9,10,52,99,83,1067,0,940,957,19720,455,984,1510,84,111,137,194,263,414,23,9,304,75,184,608,1,44,144,89,296,6,192,148,2068,21,1997,3,52,2,80,1233,523,387,87,183
layer_30,731,9,27,129,292,45,76,561,367,60,216,2372,191,597,117,581,14,231,796,0,112,42,1141,3,132,876,186,149,121,196,420,218,269,2449,140,149,92,86,499,76,743,57,873,427,74,309,8,10,611,264,471,248,621,299,1135,2524,462,192,134,301,337,371,12,324,2,3,26,15,456,109,32,39,198,250,119,133,4,95,173,397,29,701,1416,26,232,46,239,243,279,0,29,66,46,588,7,209,63,242,93,9,673,110,1017,39,557,406,292,436,578,393,10060,307,189,363,576,679,208,665,5,9,869,650,380,79,26,296,163,111,67,216,316,7,261,326,438,83,359,74,403,105,708,1862,58,89,1285,80,194,69,1308,69,9,14,75,925,1356,57,694,3135,54,295,25,105,261,435,17995,519,679,106,154,7581,1075,78,12506,247,3888,631,27,205,89,1447,109,1513,9,1386,677,209,6,1201,206,56,94,285,225,46,796,419,59,21,165,1189,566,181,365,255,869,55,17,177,313,1075,174,52,3427,404,32,477,3425,1584,1027,251,106,1007,300,24,303,34,164,217,81,0,604,717,43,178,713,279,1048,1315,140,1130,58,349,776,40,324,880,159,151,9795,4,163,212,42,890,199,925
layer_31,95,910,550,97,96,108,438,1837,16,609,10,30,189,224,676,4,21,243,18,1293,1,236,54,46,60,178,1037,395,229,1951,77,1568,176,1046,5306,570,615,55,143,221,257,173,126,4482,45,190,315,859,246,346,149,304,297,447,387,492,103,2818,16,648,102,1981,145,357,1,14670,0,56,606,280,167,85,560,666,292,931,157,3750,481,217,76,254,163,219,243,948,70,352,400,1011,204,175,289,658,1472,184,2,470,455,817,355,274,151,69,658,657,101,70,230,142,189,210,101,47,112,26,92,496,400,109,2633,299,135,17,181,277,1099,695,313,1665,188,42,16,195,212,1152,0,240,535,1366,101,5140,111,133,0,292,1210,188,115,269,340,251,1487,131,205,17786,743,161,210,241,57,100,1512,380,511,1962,410,782,89,14,70,3,78,742,145,150,1078,7187,13,229,236,1070,382,407,109,580,4203,1295,413,633,321,151,893,724,17,282,1599,186,86,93,201,454,4,33,102,73,113,2002,88,39,1199,236,210,275,149,120,681,489,478,34,265,1078,1290,43,35,78,239,135,122,52,0,116,713,342,4,1000,1570,368,233,44,1203,288,102,49,356,573,82,522,166,469,85,142,85,1094,64,0
layer_32,437,1166,47,221,77,637,215,18,5145,5810,109,426,2674,793,825,8,190,281,374,50,283,89,234,19505,10,34,288,21,543,287,194,316,1101,144,254,232,5,110,167,348,179,611,232,1,625,253,163,834,368,213,279,359,196,1320,21,25,174,196,196,52,1986,118,729,186,200,182,208,52,328,677,137,213,646,0,96,21,203,341,530,915,32,195,76,42,186,247,447,91,742,221,1006,721,9,279,159,754,155,585,511,295,250,20,4,907,466,215,8098,334,297,840,150,849,171,120,30,112,471,3,1810,475,367,360,366,732,168,533,955,271,30,383,221,257,43,108,0,401,15,711,75,289,954,416,308,15,354,329,356,103,111,126,111,2,549,1187,21,48,334,373,98,21,272,84,1804,7074,61,361,487,26,142,318,231,1505,192,651,824,893,228,178,37,1396,80,264,1106,315,204,3452,2,352,262,296,285,490,1822,202,898,97,1060,1992,306,57,70,676,11101,1649,114,1103,694,107,1120,1150,1291,49,394,13,186,48,162,208,176,306,644,902,478,1634,42,2105,3,561,1347,554,57,215,3,146,371,157,243,325,988,262,3126,171,315,138,3,796,311,375,108,556,4,776,242,339,507,200
layer_33,128,92,618,378,703,86,852,259,1352,424,1112,416,224,1876,375,340,1105,113,405,260,438,132,242,193,43,425,57,365,540,1522,829,11,6242,1015,620,136,287,214,397,301,380,363,43,212,0,363,445,399,229,222,11,13,45,277,587,6,3592,84,919,224,355,282,435,226,414,81,249,338,163,187,200,348,356,1154,625,352,103,25,803,5,431,50,1,356,4965,1051,551,250,3558,568,340,214,407,259,281,336,322,375,53,907,93,1314,161,29,1132,350,2,41,9649,210,437,1903,566,1459,223,804,3006,290,3159,133,1814,934,91,11,259,322,170,5042,395,215,719,62,69,200,33,92,232,578,110,239,218,142,21,21,477,77,491,239,645,441,176,967,1752,290,8,387,22,311,444,71,460,5,96,558,116,1732,34,99,199,153,210,417,391,1797,417,2256,29,9480,538,2071,1159,1289,963,1298,692,313,251,526,104,714,118,1222,255,67,276,344,115,1455,455,1038,318,41,186,191,69,10,476,99,1103,4146,255,92,809,538,413,393,359,279,3536,84,627,182,827,1442,71,448,499,107,247,71,56,40,110,76,559,207,191,1301,480,109,365,13,631,258,307,8,931,11,186,320,1943,674,398,89,137,1841
layer_34,190,423,760,274,385,204,1041,139,2057,198,502,11760,738,958,70,481,125,168,2,52,159,554,1331,56,247,411,448,2063,532,974,361,682,2170,334,209,1169,780,764,835,466,29,150,299,150,100,416,1094,10,161,595,311,176,2189,313,603,1074,430,53,1055,14531,157,151,972,582,109,54,16,26,1721,0,135,600,305,146,239,430,5,169,594,6,395,61,206,3044,1975,725,402,1082,308,95,167,139,26,95,39,396,160,2,23,274,113,294,363,1487,2795,37,178,326,101,47,172,75,241,121,145,53,128,129,245,3641,121,343,79,133,288,190,338,6,11,39,814,175,273,1775,756,198,935,59,1804,423,126,444,105,148,0,162,98,175,49,316,128,272,147,1735,4,575,499,598,481,87,488,323,77,415,454,5,739,52,128,65,202,147,110,253,139,44,274,371,177,422,88,86,891,154,152,515,355,99,7,1112,85,96,436,33,533,82,511,959,12922,352,35,407,113,1085,372,2307,145,846,217,56,10661,267,430,496,505,307,254,44,128,2082,155,280,699,146,4,2558,943,222,179,485,188,246,127,451,1848,25,743,165,182,1053,43,159,76,87,91,233,95,992,8,0,251,398,1738,207,489,1018
layer_35,4,13,242,230,2,101,28,7,1033,286,68,816,340,28,281,383,169,359,364,438,180,19,148,263,173,0,8,1,2,430,272,311,176,372,365,180,111,186,451,714,131,704,19530,339,1355,0,11,1024,51,138,240,220,1000,490,14,602,3109,92,112,237,9234,251,1136,33,129,100,457,56,4875,206,118,347,226,184,40,372,1,77,1,196,12,104,271,1670,454,897,78,106,175,473,180,9,383,69,275,82,39,1080,89,603,80,1169,476,91,237,714,15,1435,6,63,455,317,28,249,316,1057,1547,4357,1096,1256,848,112,208,37,66,89,280,1442,256,4883,1429,1422,441,580,113,109,222,3,576,5,9,1268,269,2,190,294,2880,69,182,214,539,265,175,2,152,130,3867,285,252,18,188,498,10,69,309,816,43,78,233,711,48,801,388,5,2686,653,830,166,45,50,673,821,1,88,89,448,16,691,54,52,29,112,322,50,292,306,98,66,417,490,452,615,4,218,181,84,814,2313,1328,1,22,710,791,114,57,259,363,532,200,162,58,830,68,432,1004,45,938,147,189,1336,478,59,1110,18,103,220,283,427,521,114,15936,122,575,2541,701,1006,542,217,0,504,895,291,276,333,167,3500
layer_36,703,189,1022,809,179,102,0,433,1148,61,1119,38,2001,79,935,1867,325,20,2941,714,1906,7422,502,157,0,411,124,100,664,735,1441,377,42,7,104,36,48,23,107,93,21,252,107,932,714,355,193,102,360,341,1130,163,283,948,124,186,189,542,156,749,592,51,132,16,562,336,252,253,292,83,813,263,498,298,140,0,904,1229,394,482,249,162,6833,44,462,19,56,32,59,282,2848,463,136,825,162,58,68,1057,921,833,954,1159,220,353,2,345,63,686,616,2095,554,529,123,684,695,592,9,23,1115,296,14,115,182,923,1596,552,19578,427,23,532,76,213,534,895,157,289,168,298,555,1006,239,286,218,42,478,158,31,141,932,539,1775,17,331,66,168,7328,60,506,234,156,334,92,419,602,13,99,33,281,56,162,2,348,5657,75,254,48,61,289,45,94,133,56,3808,73,40,236,137,276,4712,0,68,143,72,625,1,2517,343,137,34,886,1302,6693,54,62,1749,258,30,136,948,152,2116,46,2081,210,4,1,955,240,1595,32,63,1204,65,158,1,484,423,254,10,258,476,11,66,306,14,157,120,193,59,48,300,55,285,57,208,320,240,62,27,95,534,188,0,49,372,108
layer_37,101,2325,48,366,162,564,118,38,343,1,873,84,261,36,38,611,1008,89,66,8990,278,187,817,2937,1400,693,168,1050,1062,26,225,1019,345,688,97,12,59,100,296,624,16,811,937,308,4116,5202,448,54,182,391,2927,29,337,693,252,238,941,55,110,87,152,591,243,45,89,99,43,494,11,1040,496,1496,206,90,77,51,381,130,12,187,46,312,72,78,580,234,2,1141,485,924,107,807,3234,776,680,428,102,393,103,35,15,28,1,983,136,125,164,77,956,60,924,352,100,191,0,48,399,122,444,890,17,149,12,3920,582,92,4981,129,217,150,113,375,0,388,152,312,1350,235,818,80,358,304,433,334,3509,127,140,62,783,47,21,1327,325,77,127,75,1034,38,99,364,309,648,224,205,470,227,67,1412,721,855,1543,362,5470,431,128,29,109,93,1420,216,226,1178,542,53,6706,22,37,2057,464,531,183,83,28,44,554,33,103,2,28,855,2103,39,1,221,1357,1085,0,1245,341,91,13,14,884,149,43,565,544,344,80,933,384,221,80,424,80,287,238,879,1525,46,46,147,138,69,124,496,10532,786,960,1196,49,1045,660,172,134,5710,556,277,188,502,507,57,221,1958,118,122
layer_38,168,214,3588,290,22,5,1514,429,129,3,127,376,80,196,16,100,674,122,360,491,1249,117,684,396,463,320,68,137,164,603,280,111,67,44,24,1300,34,223,147,44,1,32,47,1232,328,91,39,96,18,342,148,20,24,106,558,1,53,89,16,665,795,0,6,48,205,2032,35,6705,186,1,317,46,605,4734,272,1087,77,711,216,1111,36,115,15,871,382,40,151,2226,1063,290,249,760,3775,3,64,2088,1,6,399,104,48,2401,143,455,161,91,203,565,65,87,15,77,374,5,69,665,2092,1323,194,1838,12,110,102,19,0,278,1196,350,245,141,434,246,709,1632,512,136,1239,57,244,166,115,1805,304,700,151,421,0,49,64,304,5,1141,2731,119,517,105,29,0,656,262,1,79,3,309,13,30,106,976,139,800,23,6389,11826,283,44,2034,61,102,80,335,373,113,673,271,2783,508,237,306,4,185,344,144,179,9969,252,436,90,191,1008,37,253,193,120,597,50,2886,1312,820,48,189,176,550,1470,10,148,837,395,400,3736,47,1707,250,1095,215,1123,1498,1630,4,30,1765,679,92,7611,57,3751,98,116,0,76,736,424,418,0,153,462,987,2,97,4,103,924,98,101,48,222,298
layer_39,54,10,624,471,124,1326,508,0,20,1152,62,792,105,45,253,57,61,94,34,269,73,3560,2462,5,1155,47,144,84,17,95,191,903,701,241,1602,3644,109,151,101,83,203,26,136,742,148,107,209,376,50,292,117,125,9,206,18,3,1218,26,158,1,283,34,650,171,550,2,50,4,60,3328,1,340,33,653,18,74,1049,85,615,439,992,88,1377,114,197,1910,202,688,0,392,257,1413,5,512,57,129,611,518,332,399,59,112,41,249,702,595,119,2327,139,322,69,587,245,274,5390,1155,2,297,44,714,365,73,10,689,44,972,459,109,1097,356,413,1,63,10,188,1055,165,499,458,130,418,197,109,36,60,171,328,2692,6,998,239,25,196,23,172,103,329,4,292,687,4,443,1724,79,441,35,2079,210,631,2013,58,215,270,338,9156,1,4,126,37,0,297,124,115,6309,437,31,785,975,533,127,918,42,268,79,5,4122,338,10,340,1208,1,89,107,561,345,125,112,184,248,167,95,104,0,887,1044,95,438,296,39,3,205,130,209,657,161,27,64,11,323,1793,184,100,75,13,14521,8,737,122,43,48,91,7042,335,369,126,1724,1301,143,23,131,15292,1640,175,1994,59,479
layer_40,40,105,99,13,169,1075,124,85,1645,486,111,221,2236,706,12,77,1080,192,44,442,351,8,2313,124,6,63,255,1449,2615,13,101,374,214,49,57,43,131,72,219,79,40,168,2,722,40,0,35,198,868,36,2,38,1433,65,1072,20,90,274,52,156,365,313,715,196,200,347,90,231,672,149,3755,23,230,120,234,461,23,58,332,83,77,0,166,737,62,46,837,232,347,513,26,132,246,176,1730,1108,389,582,4,5,97,48,28,0,13,1391,1109,85,301,71,1081,0,462,831,359,8,373,15,223,88,123,44,465,281,41,81,154,3181,1395,143,1433,714,743,581,432,225,425,307,2758,84,1430,42,36,412,29,572,1505,299,121,60,143,485,1113,8,77,58,799,106,292,203,1205,1935,20,400,53,2119,133,1690,39,1156,125,109,363,286,15290,93,1105,337,489,115,1460,4308,290,49,3871,4599,134,933,1075,544,208,913,455,715,1261,26,493,681,56,23,40,139,7,12,605,91,158,464,1246,19,669,847,297,234,775,91,18,200,63,8,184,384,228,50,7688,628,5824,138,102,2,4025,1430,4,1588,393,1070,293,6,1278,49,5,626,119,1064,3521,141,19,2,1369,6652,496,77,11,499,40,188
layer_41,2337,17169,71,3270,34,21,117,709,1110,78,587,2417,1008,114,15,124,273,94,2,46,397,30,87,10309,139,826,64,17,204,2901,46,619,61,49,80,242,1,1262,319,1834,372,54,8,114,192,267,143,248,51,389,53,25,33,252,15,121,76,380,82,45,236,183,45,169,84,96,760,765,76,444,405,957,1005,2953,519,686,26,33,332,49,62,12237,135,593,525,197,57,104,1453,548,75,1,749,503,181,2,612,62,18,163,785,25,657,9041,41,1007,533,8,1220,2,380,102,6140,8215,1281,1,1603,739,52,1165,167,563,567,1307,15,3,255,425,126,4,66,94,33,1303,34,94,43,52,169,14,942,32,2,1703,65,62,904,317,95,355,169,158,0,2,164,9,409,26,143,126,325,264,5,394,145,16,332,462,62,26,61,19,309,61,523,2886,447,299,1031,3,710,94,1199,1196,240,5901,601,94,84,230,148,344,94,1777,168,372,271,220,0,108,20,230,85,212,111,1716,15,93,81,41,485,208,13,26,63,53,107,112,20,26,2938,218,16,48,366,102,79,412,976,13,28,709,749,454,49,20,57,393,118,121,419,291,1,0,61,67,1818,47,510,168,247,69,68,861,204,84
layer_42,100,56,337,87,1012,623,280,2490,21,78,1,86,296,11,5345,1178,559,278,159,4,0,455,19,212,148,232,786,1805,1940,544,1816,1957,212,17,125,127,5,17,622,163,132,588,669,80,1350,1279,215,13,279,636,84,524,26,0,211,88,63,460,1011,156,4,196,1271,88,249,127,6,196,482,4663,36,90,353,265,921,1393,524,413,2279,57,552,354,0,61,118,2254,294,245,36,44,37,229,6,236,27,294,246,1,22,1510,1179,2942,396,667,56,118,267,59,642,415,126,22,173,321,13,56,411,161,112,1579,644,39,73,115,89,149,7,250,155,60,205,110,760,622,743,237,81,344,183,87,907,1,19,1202,1859,225,105,5,1816,46,2063,29,41,217,221,281,945,8,8,24,534,808,870,376,1342,47,148,7,254,111,699,425,5,9,1365,228,25,1903,1407,554,49,172,1271,46,142,0,53,293,1783,49,51,181,12865,1164,891,146,169,100,4094,35,204,6,97,63,76,243,68,3604,117,104,2,13625,202,483,48,191,117,908,111,1119,214,189,553,54,191,115,469,289,901,16579,370,674,39,646,32,0,13,3,304,2659,962,148,2,154,8,1402,335,1,412,8,65,7,582,75,70,616
layer_43,2001,853,377,49,466,476,55,445,2,58,662,111,49,679,61,5,247,886,86,14,122,684,2,34,775,568,1863,56,415,27,57,219,193,298,53,103,156,0,5,389,354,261,68,766,106,263,866,159,5377,396,168,36,103,89,49,122,1,675,3,675,11,103,40,2827,690,56,6641,7737,82,1101,202,278,530,0,259,133,79,14,9600,151,163,249,137,1206,42,119,803,910,1220,5,116,25,14518,35,2,51,51,50,344,303,64,12,49,158,86,1,19,507,46,138,295,24,210,189,188,8,72,1,204,401,46,143,135,3988,385,0,352,255,165,316,396,627,188,909,334,189,15,4,58,59,39,24,369,0,4,20,264,75,81,411,219,19,10531,82,127,1452,48,35,200,83,137,1222,104,917,380,14996,55,45,153,45,36,4454,83,18,11,2213,722,539,383,4300,776,276,60,127,297,5127,1,206,249,105,178,1181,1185,83,591,461,67,35,4310,40,159,3,28,19,304,321,95,722,53,16,339,1267,9,10,0,203,121,433,3,876,32,296,660,203,75,2129,107,70,26,100,211,149,127,172,71,398,120,194,40,5,105,71,20,144,29,2398,465,1004,19,57,0,823,22,122,182,1
layer_44,21,8954,342,205,61,185,560,57,338,3493,65,181,46,221,655,37,137,142,1596,4154,1144,152,21,74,592,6,3,117,440,408,82,0,61,140,473,321,3015,1257,219,431,164,37,627,665,131,339,307,1468,37,1280,793,27,5,29,76,119,2,23,57,47,879,969,162,57,28,9,195,6750,417,330,1539,189,453,57,54,2765,534,92,1210,481,573,293,236,216,4068,162,855,317,571,50,124,95,61,2615,31,103,100,88,59,21,16,5235,375,46,102,148,267,420,946,700,2,530,77,41,541,1871,36,7945,34,120,1137,0,46,297,2168,20,20,5,45,470,1803,208,230,6,572,19,186,108,69,106,591,127,268,25,7,383,6654,9,102,122,195,242,485,2064,305,873,4037,78,223,771,3240,49,280,478,0,2210,79,140,33,47,329,2,494,2966,1066,1942,4032,189,9925,341,86,4235,286,2424,1121,76,407,65,298,5,21,1070,643,169,18,167,11,2,62,104,1349,48,2,2,987,443,491,6,56,1,29,2,176,4,49,333,798,1260,52,477,111,571,155,1407,306,155,138,38,106,48,247,2,180,522,200,31,6,253,93,619,31,41,198,33,0,44,43,27,68,395,114,957,191,97,1,56
layer_45,827,1246,245,295,14,313,1603,61,1868,478,1370,104,252,178,55,388,28,54,101,703,826,2,1031,4,52,77,65,73,1,42,101,22,48,8618,1352,1767,135,2137,868,22,337,1,100,20,8,58,60,39,111,43,9,322,34,26,61,21,257,1196,85,140,4,506,1,21,599,261,82,202,763,1197,724,24,40,998,26,3,292,30,1710,480,10,429,144,154,19,6,228,618,43,1707,290,325,409,75,46,10,19754,247,35,181,314,865,459,335,136,1011,608,288,110,46,22,14380,44,1378,88,133,290,1896,571,331,100,610,175,0,3,280,213,710,364,100,910,19,128,80,129,18,1297,8,10,1732,116,5,91,466,125,26,13,929,630,3,175,112,47,73,76,23,114,314,87,21,201,155,20,10,3,207,45,3730,166,26,0,2,1179,2730,3034,17,891,1926,245,5,209,1077,150,67,316,54,0,146,311,45,31,26,4398,2793,30,946,59,407,144,81,18,1153,170,0,0,148,747,61,1,182,118,49,45,124,14,181,28,15,2854,65,30,6,3,52,690,123,17,169,404,29,1265,42,29,23,70,134,742,457,15694,83,163,7163,89,84,1773,330,375,37,190,52,498,93,119,2363,111,95
layer_46,11,2,88,18984,761,151,2967,47,692,153,557,51,39,196,12556,355,88,1926,38,0,284,288,118,83,33,60,130,267,143,175,18512,72,6,995,433,862,140,12,1,651,2932,258,183,90,68,25,98,127,630,448,638,538,141,867,33,108,218,16,1,448,0,1290,15,644,122,10,2671,38,11,1,29,64,83,875,1,135,10,38,439,359,170,1622,134,29,311,272,45,161,337,35,234,1594,2467,3994,0,158,93,197,6,0,285,754,433,504,1903,18,283,1136,17,390,3132,5575,595,453,1672,23,11,38,22,197,9,20,85,1315,37,1,653,425,148,152,4,220,81,464,40,238,764,9,42,73,356,67,100,0,469,0,93,471,1563,409,3007,132,46,24,257,47,143,130,9,1,23,367,173,438,0,285,37,349,330,580,15,119,455,214,15,892,638,270,259,8,43,127,723,40,54,444,155,76,578,56,847,122,446,208,115,166,22,4,1307,54,198,105,211,93,4033,0,236,933,275,512,667,465,1295,39,16,81,41,111,46,51,9,6752,1,671,3,3,249,64,3282,2,233,629,9,3525,20,130,2,409,0,293,3,15,21,242,5,140,3,148,295,4,29,5166,195,46,42,1
layer_47,20267,20267,20267,20267,20267,20267,20267,20267,0,0,0,0,0,0,0,0,0,0,0,0,0,0,0,0,0,0,0,0,0,0,0,0,0,0,0,0,0,0,0,0,0,0,0,0,0,0,0,0,0,0,0,0,0,0,0,0,0,0,0,0,0,0,0,0,0,0,0,0,0,0,0,0,0,0,0,0,0,0,0,0,0,0,0,0,0,0,0,0,0,0,0,0,0,0,0,0,0,0,0,0,0,0,0,0,0,0,0,0,0,0,0,0,0,0,0,0,0,0,0,0,0,0,0,0,0,0,0,0,0,0,0,0,0,0,0,0,0,0,0,0,0,0,0,0,0,0,0,0,0,0,0,0,0,0,0,0,0,0,0,0,0,0,0,0,0,0,0,0,0,0,0,0,0,0,0,0,0,0,0,0,0,0,0,0,0,0,0,0,0,0,0,0,0,0,0,0,0,0,0,0,0,0,0,0,0,0,0,0,0,0,0,0,0,0,0,0,0,0,0,0,0,0,0,0,0,0,0,0,0,0,0,0,0,0,0,0,0,0,0,0,0,0,0,0,0,0,0,0,0,0,0,0,0,0,0,0
layer_48,93,234,3152,97,23,261,2,8,189,304,72,159,376,117,26,0,31,36,1,2,66,3774,248,538,1579,164,35,43,286,576,82,1638,40,158,100,501,1340,1959,45,45,306,741,246,4520,281,213,130,0,170,32,235,349,73,594,57,1058,96,589,97,328,13,221,109,104,21,407,38,66,134,68,137,3802,25,114,62,97,603,2231,91,0,1729,0,23,2,125,48,218,5080,104,165,767,139,596,9,61,276,167,43,74,146,56,47,1468,202,267,36,72,84,852,506,163,980,188,218,871,469,735,56,13,199,24,0,378,658,127,2153,84,108,30,307,322,2,1068,170,45,32,41,3542,113,6131,1195,17697,1975,63,3742,795,1086,290,3,635,20,5,63,193,3,5159,869,11,399,6,740,7055,2219,9,187,30,0,340,315,7,152,76,1288,0,162,8909,193,298,1480,14,33,84,1243,994,157,319,316,455,42,26,166,148,1884,662,43,22,105,400,9,25,2536,359,1926,1,15,84,134,15,2439,58,285,58,143,85,7,139,0,231,530,2917,2,28,624,187,48,1016,55,874,22,91,24,188,39,8351,3,55,2,141,44,2,341,922,4,239,86,272,182,208,0,20,48,123,1522,33,48,67
layer_49,17,125,62,3,6215,754,1,445,229,70,213,48,1162,10,1000,1270,785,453,252,10856,149,40,26,4,0,1008,233,0,94,4,355,164,155,0,407,3,1,80,86,906,711,61,119,91,0,391,662,186,399,214,10941,2330,188,638,160,201,48,1139,2182,131,70,5,53,71,67,1282,117,161,1,849,42,196,147,25,17,483,41,71,345,93,12,494,49,95,445,34,106,62,9,119,4,10,1,677,2,138,126,86,2468,49,315,7,20,9,42,122,734,275,37,150,1123,535,5,61,569,2,7,4,1,75,2,89,173,194,3,72,147,34,96,3520,628,51,419,4,31,31,158,122,5,0,22,91,387,205,607,52,122,60,1,52,148,4742,125,141,17930,44,26,5,518,611,11993,423,6,289,636,131,64,418,91,162,167,82,180,5870,467,45,132,4534,88,42,20,979,136,85,401,4,0,75,629,1,103,7628,131,53,3,0,159,1,19,2,86,48,34,73,161,267,6,32,38,12,127,30,318,3,9,53,2,0,168,1,253,3,7,582,1020,52,2622,58,623,99,3,8,2,15,73,129,253,0,290,331,0,433,316,246,54,188,3907,136,11,918,1226,458,18,29,16694,2
layer_50,181,77,36,2,4,2140,279,4061,3,27,51,91,6,7,44,9,12550,2,12,30,2,10,7,2,21,1506,145,15744,0,474,1,129,22,879,4725,310,20,5,1554,3,2,515,41,1280,153,34,952,584,40,268,57,10,174,18,190,1088,78,2,506,70,1,15,28,29,0,10,331,122,1364,33,1106,19,670,43,89,314,228,125,8773,12567,4098,17,0,81,1,962,11,62,1712,42,251,656,1053,683,21,101,284,36,5383,405,85,59,13839,52,1,0,11,192,77,629,152,205,96,1082,64,22,41,302,74,50,9,85,463,13,121,0,1,47,183,225,2,44,36,115,46,540,763,9,137,40,94,1,20,107,43,34,50,215,158,1,31,110,5,83,43,47,74,12,1,113,269,148,46,148,20,166,71,47,63,294,70,5,2,3,47,1,13,0,112,49,429,110,0,229,49,90,1,181,276,171,1,198,1,1211,840,10,21,13,607,48,21,60,1,460,40,2,30,138,1,63,32,207,208,151,64,0,1,71,43,41,3537,78,901,282,280,1053,2,26,41,161,2192,83,136,208,69,37,315,4,3692,3281,0,15308,2230,1864,308,319,12,484,383,256,129,3,285,136,911,1323
layer_51,1656,8,58,661,42,596,43,12,422,26,92,1,4,28,3074,4,0,14,69,0,379,4,2,9,79,3,112,1965,387,73,2,9,2,27,74,1553,772,72,170,575,188,22,12,733,751,56,407,552,23,48,139,45,9,52,304,11213,46,385,462,886,142,42,12635,3630,274,248,133,6,160,26,1,8,356,36,90,1590,94,120,10949,185,150,130,2651,350,79,3,18,2,734,503,198,38,11,170,3,772,57,3,64,1,531,39,1522,156,14,4,718,7,1435,69,1292,124,440,178,446,47,3,58,0,2648,751,1,31,17,69,2,440,176,1864,6254,86,55,6,12,6717,2536,3,39,57,17,1213,10066,72,107,144,28,32,27,51,9390,103,763,1,1269,33,164,115,77,11305,11,340,88,1988,29,352,218,30,149,168,326,8,107,5,171,72,19,51,532,1,102,168,311,0,2473,38,7,28,64,103,61,68,5,1,704,4746,1,9,123,840,121,1,372,52,46,2,7,42,48,50,116,2,0,47,73,66,210,155,1006,99,745,53,880,769,2,88,106,5,1020,2813,401,20,15,148,1193,87,732,670,28,2537,17,154,2,192,252,2,1047,507,221,32,197,101,1,64,1,13,91
layer_52,169,79,1,2,539,771,2989,66,4,420,106,50,171,3,3,81,266,0,1732,15,3359,49,45,51,230,81,398,3225,257,69,195,302,0,12,3,1,124,359,845,0,239,14,161,0,189,114,2,48,29,60,560,2196,249,0,917,0,0,10,24,63,32,398,276,80,54,437,28,31,115,609,48,6,127,349,680,4,565,2293,445,208,3,76,1602,10278,0,7404,119,1710,229,3724,65,179,106,992,8337,1179,50,227,723,385,53,83,26,288,328,74,1508,2124,15414,237,11,50,21,48,41,72,557,92,43,36,362,0,1375,145,2782,17935,47,3,154,0,15,93,87,1279,133,2,155,50,45,0,0,107,1726,164,188,217,78,34,0,310,231,6,2219,536,27,31,0,0,3060,82,15,42,68,476,39,47,18,117,8,3,510,1,27,6,20,338,66,428,1455,283,92,7792,92,1123,212,1,3,210,327,88,337,333,2,115,10610,132,27,49,4,5728,33,50,1,25,75,171,445,0,2,106,68,27,49,15,3702,141,20,153,10,0,88,1097,454,8,29,145,87,794,701,220,53,1,48,7,39,53,26,20,0,178,83,0,23,69,27,0,2,50,57,15,186,0,93,96,108,38
layer_53,43,121,8,374,3,4,554,277,46,2,110,111,0,329,568,0,50,266,79,119,26,24,29,228,519,1,6375,1,259,48,320,63,16,139,485,376,88,260,857,14464,118,2086,19663,1477,0,18,39,45,59,30,0,199,373,27,1409,30,115,119,133,0,6,245,97,1,204,143,39,226,472,16,15,10,24,0,1,561,32,165,54,1,119,118,298,13,971,2,3,15,769,113,92,12,17,999,79,58,8,1086,511,566,34,1412,67,29,23,63,128,36,1,123,40,22,44,139,732,13,72,1,10,17,1,254,47,86,344,142,2,104,0,287,4,51,6842,22,5,1,7,0,345,52,25,58,20,6,8,10971,33,223,45,44,15,9374,258,43,25,145,105,8,8266,23,50,220,38,25,23,7,0,189,36,206,1,250,1,108,80,380,590,0,1,0,788,402,5,5683,0,2,78,1339,138,0,55,889,1,0,1010,185,528,66,0,255,1837,10870,96,47,74,10,96,25,218,0,62,2290,31,476,19631,42,5,18,13,620,292,5,33,96,50,342,2987,15,78,0,67,2289,39,4,4,54,339,16,213,282,60,94,215,1,47,280,12,3,167,0,0,2,130,155,615,20
layer_54,1,36,119,188,41,1297,90,32,164,79,112,25,88,115,35,0,88,293,215,13,321,56,367,105,20,225,13,0,70,253,0,1957,7491,52,128,2311,2,389,1,12187,4843,2655,968,15667,93,93,1755,211,68,0,2318,1175,1,0,115,13,3102,3,57,891,2,3,146,0,6361,1,1030,79,0,3,1,385,98,47,494,86,168,803,226,6810,7,107,97,94,78,5,144,1,73,230,21,10,29,345,63,45,8,103,218,28,155,5,4,153,76,140,35,1,886,28,24,135,106,90,2,16,115,128,1318,398,0,51,1,65,10,79,178,25,21,2,1,74,1845,708,58,82,449,1346,804,1019,424,123,178,108,11649,26,138,1267,47,70,130,1042,1,0,18,0,500,5,1,0,3,38,441,0,127,4,141,44,0,35,3,1295,177,42,128,0,6,0,99,1622,8,983,87,64,518,0,184,43,12,144,16,108,391,54,1,369,8,54,101,295,757,7,707,1,79,29,63,3,5073,5,0,1,0,37,6,20,157,3,264,26,47,1,4120,247,18,680,74,33,0,1735,58,67,79,1866,367,54,29,17344,131,12,123,433,39,75,43,7970,263,2,2,299,74,1887,90,238,802,135
layer_55,13,2821,641,253,1,8,9,40,12594,923,4640,92,75,76,1,11,924,105,6,3861,127,18,28,0,110,49,143,42,301,50,0,903,278,1,135,0,65,245,13,48,93,693,18,4,123,109,4,87,38,0,37,9,837,47,304,466,226,235,106,130,76,43,476,294,374,18,50,362,210,477,5,2,154,0,24,1573,1,64,138,22,178,9,3,34,17,229,455,206,12,71,119,0,0,0,6192,605,5736,73,154,0,135,214,2,1,0,132,1004,938,0,58,0,212,4,15,41,8,136,1932,7,0,97,3757,677,375,136,6,687,40,709,7426,100,1,42,13,236,270,3,76,11,2,0,371,28,171,3675,73,190,42,267,3,49,39,52,50,0,87,28,14,0,719,59,7,149,862,266,20,4132,10893,1411,110,0,5,91,176,268,72,316,1,2108,74,715,59,667,178,14,55,1,10,22,0,1556,1,25,16,10,90,5807,4,376,15660,330,203,401,0,259,130,107,2596,180,553,100,19891,154,8,161,727,195,92,64,2030,8,112,28,130,1046,131,110,25,78,0,2,1085,206,116,7,285,17,153,32,74,718,0,70,29,97,195,7,37,1,3,97,11,1293,46,4387,0
layer_56,388,27,122,28,175,217,3668,43,8,3451,545,47,64,219,272,12664,416,108,5859,77,90,155,517,1,216,4,0,19,694,1784,177,2439,108,46,13,0,139,128,576,164,0,9,770,2,74,69,1,30,450,42,152,322,542,94,0,315,19,2,11,40,81,1939,0,54,23,59,9,0,594,19,19,78,24,511,832,202,2,13,3,7,12,209,0,0,103,5860,43,8,2924,174,50,1002,9,2,225,40,109,26,10,4,1,0,15,5,56,7,2,17,241,46,3,65,9,20,2,23,11,86,0,145,21,97,63,3,27,0,50,0,14924,1,3,32,3,98,23,21,666,9,0,8,218,0,0,106,14,467,2,205,33,1566,1,17,189,13366,75,29,0,41,3088,652,5429,342,95,0,1,76,2,147,886,47,418,21,20,272,4102,9300,51,52,3057,1167,0,1518,17067,1026,189,145,270,29,13,0,968,5,0,1275,1,224,268,2929,100,0,116,0,759,2,1,6,122,139,2,100,2,32,102,232,38,162,2,136,410,581,1177,149,1244,93,841,26,41,2,282,222,2,25,5,2,106,20,637,0,498,8,3686,38,4188,68,19,21,1,135,2,0,5,2093,391,499,38,353
layer_57,73,56,235,1,2736,1,41,541,14,30,227,54,234,19327,2015,5,891,135,94,154,1234,106,13,42,65,0,354,23,297,1,563,7,60,43,3094,4218,0,3770,21,86,1,21,149,40,12925,8153,27,46,0,416,19,12,1250,60,679,511,272,70,366,229,59,1408,4,1,180,14,7,12,2155,0,11,55,259,801,18,0,106,1702,17,70,79,4,134,1465,58,1082,0,52,0,0,95,122,55,22,205,500,1180,0,4470,3157,1,68,123,3,14,4358,126,474,139,2,5,0,7187,982,245,2908,131,675,1,5693,80,654,118,91,109,44,40,756,24,271,160,8842,145,58,0,48,6,442,5,14,282,1385,0,10,0,0,29,56,2,2754,51,933,1414,407,496,579,0,118,97,58,42,1,77,0,3,25,193,48,711,64,168,24,0,54,2,1104,304,0,48,119,233,38,4335,0,0,0,55,85,95,21,39,4,35,53,78,0,31,0,81,29,15,729,33,130,1,249,719,670,89,45,1,15,7,5,46,17,0,16,19,5586,1704,949,593,6791,34,1112,2,39,26,152,28,48,1219,49,83,1446,104,58,4,79,527,56,319,193,83,156,47,36,5,42,44,13,9,15,36,65
